<?xml version="1.0" encoding="UTF-8"?>
<!DOCTYPE suite SYSTEM "https://testng.org/testng-1.0.dtd">
<suite name="Amazon Test Suite">
  <test name="Amazon Tests">
  
  <parameter name="Url" value="https://www.amazon.in/"/>
  <parameter name="Electronics" value="IPhone 13"/>
  <parameter name="FinalElectronics" value="IPhone 13 128 GB"/>
  <parameter name="Watch" value="Apple Watch SE (GPS + Cellular)"/>
  	<classes>
  		<class name="testSteps.AmazonShoppingTest">
  		</class>
  	</classes>
  
  
  </test> 
</suite> 

